"","lon","lat"
"1",-122.4194155,37.7749295
"2",-74.0059728,40.7127753
"3",NA,NA
"4",18.49041,-22.95764
"5",-74.0059728,40.7127753
"6",NA,NA
"7",-73.9441579,40.6781784
"8",-74.0059728,40.7127753
"9",NA,NA
"10",NA,NA
"11",-74.1290668,40.0684603
"12",NA,NA
"13",NA,NA
"14",15.2000001,45.1
"15",-77.0909809,38.8816208
"16",NA,NA
"17",-111.0937311,39.3209801
"18",NA,NA
"19",NA,NA
"20",NA,NA
"21",NA,NA
"22",-58.3815591,-34.6036844
"23",-118.2436849,34.0522342
"24",NA,NA
"25",NA,NA
"26",NA,NA
"27",-102.2915677,21.8852562
"28",-106.393373,31.77985
"29",-81.5157535,27.6648274
"30",-117.9353413,34.1069527
"31",NA,NA
"32",-92.7573431,44.9716549
"33",-74.4056612,40.0583238
"34",NA,NA
"35",-81.5157535,27.6648274
"36",101.5613392,3.20933
"37",-119.4179324,36.778261
"38",NA,NA
"39",-122.2913078,37.8271784
"40",-77.0368707,38.9071923
"41",-122.6726867,49.1340179
"42",-74.0059728,40.7127753
"43",139.7092437,35.7511648
"44",NA,NA
"45",-77.4360481,37.5407246
"46",NA,NA
"47",NA,NA
"48",-65.2175903,-26.8082848
"49",-88.7878678,43.7844397
"50",-71.1447732,42.1584324
"51",18.49041,-22.95764
"52",-121.4943996,38.5815719
"53",36.5982621,50.5997134
"54",-71.0588801,42.3600825
"55",-81.9817726,35.046508
"56",-122.3255254,37.5629917
"57",-86.7816016,36.1626638
"58",-51.92528,-14.235004
"59",NA,NA
"60",-86.5861037,34.7303688
"61",-122.2823421,47.8638853
"62",18.49041,-22.95764
"63",-83.3671432,40.2364486
"64",NA,NA
"65",136.7222906,35.3912272
"66",-79.5394625,43.8430176
"67",NA,NA
"68",-82.907123,40.4172871
"69",-122.0651819,37.9100783
"70",NA,NA
"71",-89.3985283,40.6331249
"72",NA,NA
"73",-122.3320708,47.6062095
"74",NA,NA
"75",-83.985,42.43472
"76",-84.4221987,33.6562298
"77",NA,NA
"78",NA,NA
"79",104.990963,12.565679
"80",NA,NA
"81",-75.1652215,39.9525839
"82",-118.3286614,34.0928092
"83",NA,NA
"84",-79.5121101,43.7214032
"85",-83.4832692,42.4311464
"86",NA,NA
"87",NA,NA
"88",NA,NA
"89",-82.9195514,42.5868882
"90",-100.3161126,25.6866142
"91",-74.7648404,41.8666651
"92",-104.9763983,38.9041151
"93",-128.6340211,66.2556759
"94",-83.3671432,40.2364486
"95",139.6423446,35.4475073
"96",NA,NA
"97",-70.2601759,43.7435343
"98",NA,NA
"99",NA,NA
"100",-94.6274636,39.114053
"101",106.8650395,-6.17511
"102",-117.8311428,33.7174708
"103",NA,NA
"104",NA,NA
"105",-81.8690904,28.7390864
"106",-71.0588801,42.3600825
"107",-70.162651,18.735693
"108",-118.369159,34.0757497
"109",-80.8431267,35.2270869
"110",-101.9188024,34.9803342
"111",101.7010435,2.7350439
"112",-118.2436849,34.0522342
"113",-84.5120196,39.1031182
"114",-75.4007058,39.9868904
"115",-85.323214,51.253775
"116",-106.346771,56.130366
"117",-80.1373174,26.1224386
"118",NA,NA
"119",-93.9214109,35.1409156
"120",NA,NA
"121",-98.4936282,29.4241219
"122",NA,NA
"123",NA,NA
"124",NA,NA
"125",-121.8863286,37.3382082
"126",NA,NA
"127",NA,NA
"128",NA,NA
"129",NA,NA
"130",NA,NA
"131",-123.1207375,49.2827291
"132",-93.2885761,37.2284872
"133",NA,NA
"134",-122.4194155,37.7749295
"135",NA,NA
"136",-121.1760583,38.6779591
"137",-43.1728965,-22.9068467
"138",-97.4394268,35.2223151
"139",-79.0192997,35.7595731
"140",-66.0865866,45.3077792
"141",NA,NA
"142",NA,NA
"143",-97.092877,35.0077519
"144",-122.6764815,45.5230622
"145",-82.3940104,34.8526176
"146",-81.563874,28.385233
"147",NA,NA
"148",NA,NA
"149",-117.8311428,33.7174708
"150",-84.8413056,33.9244531
"151",-99.1880357,19.5036513
"152",-121.4943996,38.5815719
"153",NA,NA
"154",NA,NA
"155",-87.6297982,41.8781136
"156",NA,NA
"157",-82.907123,40.4172871
"158",-71.3824374,42.4072107
"159",-85.7584557,38.2526647
"160",-123.0867536,44.0520691
"161",NA,NA
"162",-95.6082195,29.7089051
"163",8.081666,17.607789
"164",NA,NA
"165",-121.8202035,37.3262122
"166",-74.4056612,40.0583238
"167",-99.9018131,31.9685988
"168",-84.3879824,33.7489954
"169",NA,NA
"170",-86.0085955,40.0455917
"171",-77.0368707,38.9071923
"172",-95.7257968,32.3593117
"173",NA,NA
"174",NA,NA
"175",-121.4943996,38.5815719
"176",-119.4179324,36.778261
"177",NA,NA
"178",NA,NA
"179",-0.1405585,51.5159243
"180",-121.8863286,37.3382082
"181",NA,NA
"182",-79.5394625,43.8430176
"183",-75.242438,4.444676
"184",NA,NA
"185",-80.0905465,26.5317866
"186",-74.6472522,40.5106594
"187",-105.8700901,34.5199402
"188",121.774017,12.879721
"189",41.7208243,27.5114102
"190",-76.9655053,38.9550752
"191",-77.0368707,38.9071923
"192",NA,NA
"193",NA,NA
"194",-1.354759,54.504523
"195",-43.285102,-11.5016772
"196",-123.1207375,49.2827291
"197",NA,NA
"198",-74.0051453,40.8443399
"199",18.49041,-22.95764
"200",-103.2355586,44.0832449
"201",-79.9958864,40.4406248
"202",NA,NA
"203",-114.370647,43.689178
"204",-92.586828,34.5645371
"205",-122.3320708,47.6062095
"206",-112.0740373,33.4483771
"207",NA,NA
"208",-74.0059728,40.7127753
"209",78.96288,20.593684
"210",-111.8910474,40.7607793
"211",-118.2436849,34.0522342
"212",-119.4179324,36.778261
"213",-84.1916069,39.7589478
"214",NA,NA
"215",-111.0937311,34.0489281
"216",-120.7401385,47.7510741
"217",NA,NA
"218",18.49041,-22.95764
"219",-77.2310925,38.9187222
"220",-99.9018131,31.9685988
"221",-74.0998616,40.1415032
"222",NA,NA
"223",-122.0838511,37.3860517
"224",NA,NA
"225",105.8021808,15.1219947
"226",-84.5929898,35.4428512
"227",-89.3985283,40.6331249
"228",18.49041,-22.95764
"229",NA,NA
"230",NA,NA
"231",-73.1709604,44.4669941
"232",-122.2913078,37.8271784
"233",-81.8552196,41.143245
"234",NA,NA
"235",-86.8752869,40.4167022
"236",NA,NA
"237",-105.0874842,39.8027644
"238",NA,NA
"239",-117.3272615,33.6680772
"240",-119.4179324,36.778261
"241",-79.9958864,40.4406248
"242",NA,NA
"243",-82.4571776,27.950575
"244",NA,NA
"245",-80.0533746,26.7153424
"246",NA,NA
"247",-81.8661442,28.0582985
"248",-99.9018131,41.4925374
"249",28.023262,-26.207782
"250",-3.218134,51.578829
"251",-98.2300124,26.2034071
"252",-118.8375937,34.1705609
"253",-79.9958864,40.4406248
"254",-82.9000751,32.1656221
"255",2.2378941,48.8901872
"256",NA,NA
"257",-118.2436849,34.0522342
"258",NA,NA
"259",-0.1058058,51.5465063
"260",18.49041,-22.95764
"261",-77.7452826,43.0258957
"262",NA,NA
"263",NA,NA
"264",-122.6764815,45.5230622
"265",-117.2928814,34.4196199
"266",-82.6392899,30.1896756
"267",NA,NA
"268",-96.994174,33.046233
"269",-74.35682,41.3317606
"270",-119.4179324,36.778261
"271",-118.2436849,34.0522342
"272",-90.1994042,38.6270025
"273",-119.4179324,36.778261
"274",-64.7782313,46.0878165
"275",NA,NA
"276",-98.4936282,29.4241219
"277",NA,NA
"278",-105.2551187,54.5259614
"279",NA,NA
"280",-98.4842465,39.011902
"281",-122.4194155,37.7749295
"282",-106.346771,56.130366
"283",-81.5157535,27.6648274
"284",NA,NA
"285",-4.7188629,50.4714961
"286",-94.7160645,39.2975455
"287",-77.1772604,38.9338676
"288",NA,NA
"289",-76.7132892,39.4105843
"290",-79.9838061,43.4881366
"291",-75.1652215,39.9525839
"292",135.1830706,34.6912688
"293",NA,NA
"294",-85.323214,51.253775
"295",NA,NA
"296",-122.9164307,42.3759586
"297",-87.9064736,43.0389025
"298",NA,NA
"299",-121.2896493,44.0777509
"300",-122.3320708,47.6062095
"301",NA,NA
"302",NA,NA
"303",-119.4179324,36.778261
"304",-85.3096801,35.0456297
"305",-102.552784,23.634501
"306",-86.80249,33.5206608
"307",8.541694,47.3768866
"308",-84.55777,43.0025883
"309",-117.8265049,33.6845673
"310",-121.6555013,36.6777372
"311",-77.6994197,35.5013936
"312",-122.7094767,42.1945758
"313",NA,NA
"314",-106.393373,31.77985
"315",-93.2715639,44.9991806
"316",12.354722,7.369722
"317",NA,NA
"318",-79.0192997,35.7595731
"319",-83.0363633,42.3149367
"320",-99.133208,19.4326077
"321",-101.9188024,34.9803342
"322",-83.0457538,42.331427
"323",-77.6109219,43.16103
"324",10.1815316,36.8064948
"325",NA,NA
"326",-106.346771,56.130366
"327",-84.3879824,33.7489954
"328",NA,NA
"329",NA,NA
"330",-122.4194155,37.7749295
"331",-118.2436849,34.0522342
"332",-98.4936282,29.4241219
"333",-83.0363633,42.3149367
"334",-97.7430608,30.267153
"335",NA,NA
"336",-123.3656444,48.4284207
"337",-117.7262981,33.5684605
"338",-35.7089492,-9.6498487
"339",-90.1994042,38.6270025
"340",6.2541289,52.617212
"341",-99.9018131,31.9685988
"342",-119.4179324,36.778261
"343",NA,NA
"344",-66.3377522,-33.3017267
"345",-81.5157535,27.6648274
"346",NA,NA
"347",-79.3831843,43.653226
"348",-123.133569,49.1665898
"349",-122.6764815,45.5230622
"350",NA,NA
"351",-71.1956205,42.5047161
"352",-118.3525748,33.9164032
"353",NA,NA
"354",NA,NA
"355",-117.9897058,33.7591757
"356",-104.990251,39.7392358
"357",-82.9554746,42.4683698
"358",NA,NA
"359",NA,NA
"360",NA,NA
"361",-79.3831843,43.653226
"362",NA,NA
"363",-81.6943605,41.49932
"364",NA,NA
"365",NA,NA
"366",-117.1610838,32.715738
"367",-95.3698028,29.7604267
"368",-97.4917888,35.3921766
"369",NA,NA
"370",NA,NA
"371",-97.3307658,32.7554883
"372",-122.3320708,47.6062095
"373",NA,NA
"374",-89.6645266,35.042036
"375",25.48583,42.733883
"376",-122.2928974,47.1853785
"377",NA,NA
"378",-122.9805104,49.2488091
"379",-77.0368707,38.9071923
"380",NA,NA
"381",-97.7430608,30.267153
"382",NA,NA
"383",NA,NA
"384",-0.1277583,51.5073509
"385",NA,NA
"386",NA,NA
"387",-87.623702,41.890422
"388",NA,NA
"389",-84.2619169,33.969435
"390",-105.1519789,39.7443012
"391",-122.6764815,45.5230622
"392",-86.7816016,36.1626638
"393",-112.0740373,33.4483771
"394",NA,NA
"395",101.975766,4.210484
"396",NA,NA
"397",-88.9939549,36.0667348
"398",NA,NA
"399",-83.0363633,42.3149367
"400",-96.797592,32.8550377
"401",NA,NA
"402",-79.9958864,40.4406248
"403",NA,NA
"404",-77.0260856,38.9910958
"405",-111.8738876,41.191912
"406",NA,NA
"407",-78.183406,-1.831239
"408",-84.3879824,33.7489954
"409",-81.4735257,28.4720521
"410",NA,NA
"411",-1.1743197,52.3555177
"412",-91.9623327,30.9842977
"413",-79.3831843,43.653226
"414",19.145136,51.919438
"415",-118.2436849,34.0522342
"416",-155.5827818,19.8967662
"417",-114.0708459,51.0486151
"418",47.9688326,29.3675456
"419",NA,NA
"420",NA,NA
"421",NA,NA
"422",-119.4179324,36.778261
"423",4.8951679,52.3702157
"424",-85.323214,51.253775
"425",-122.4194155,37.7749295
"426",NA,NA
"427",-106.7479059,32.2787745
"428",NA,NA
"429",-122.4194155,37.7749295
"430",-77.0368707,38.9071923
"431",NA,NA
"432",-46.6333094,-23.5505199
"433",-74.0059728,40.7127753
"434",-113.4909267,53.544389
"435",-84.7721702,37.6456329
"436",NA,NA
"437",-122.3320708,47.6062095
"438",NA,NA
"439",-121.8946761,36.6002378
"440",-3.74922,40.463667
"441",-102.552784,23.634501
"442",NA,NA
"443",NA,NA
"444",-73.8076088,40.6701483
"445",-104.9508141,39.6172101
"446",NA,NA
"447",-73.7845651,43.0831301
"448",-95.7257968,32.3593117
"449",-110.1616865,38.9955071
"450",-87.6297982,41.8781136
"451",-81.8643039,41.4414366
"452",NA,NA
"453",NA,NA
"454",-61.222503,10.691803
"455",-118.3617443,34.0900091
"456",-87.6297982,41.8781136
"457",NA,NA
"458",NA,NA
"459",NA,NA
"460",-95.3698028,29.7604267
"461",-118.2436849,34.0522342
"462",-96.7969879,32.7766642
"463",-120.1832533,39.327962
"464",-118.2436849,34.0522342
"465",-4.4291403,53.265325
"466",-97.4460262,25.8341598
"467",-87.6297982,41.8781136
"468",NA,NA
"469",NA,NA
"470",NA,NA
"471",NA,NA
"472",-73.6981858,40.8256561
"473",-86.0549863,39.4806055
"474",NA,NA
"475",-96.5991593,32.7667955
"476",-97.2689331,37.5455735
"477",NA,NA
"478",-114.6276916,32.6926512
"479",-96.0163561,41.2383893
"480",-85.6023643,44.3148443
"481",NA,NA
"482",-73.1151117,40.7692649
"483",NA,NA
"484",NA,NA
"485",-78.8783689,42.8864468
"486",-74.0059728,40.7127753
"487",-95.4560512,30.3118769
"488",-80.8558097,35.0016097
"489",-84.3879824,33.7489954
"490",NA,NA
"491",-77.6109219,43.16103
"492",-0.1277583,51.5073509
"493",3.2642436,50.3851246
"494",NA,NA
"495",NA,NA
"496",-79.078023,43.2534752
"497",NA,NA
"498",-122.4194155,37.7749295
"499",NA,NA
"500",-95.9979883,41.2523634
"501",-115.2796895,36.1232761
"502",-117.1610838,32.715738
"503",14.2681244,40.8517746
"504",-120.7401385,47.7510741
"505",NA,NA
"506",-97.6048449,35.444984
"507",-75.1195107,39.8227054
"508",-85.207229,12.865416
"509",-0.1277583,51.5073509
"510",-73.7948516,40.7282239
"511",-77.0368707,38.9071923
"512",-118.4396756,34.1825782
"513",NA,NA
"514",NA,NA
"515",-95.712891,37.09024
"516",-73.567256,45.5016889
"517",-118.2436849,34.0522342
"518",NA,NA
"519",-87.95339,41.96657
"520",-80.1917902,25.7616798
"521",NA,NA
"522",14.995463,46.151241
"523",NA,NA
"524",-119.4179324,36.778261
"525",NA,NA
"526",NA,NA
"527",NA,NA
"528",48.1026841,29.1687526
"529",-74.0345813,40.1320592
"530",28.1122679,-26.2707593
"531",-77.4477662,38.7931699
"532",-115.1398296,36.1699412
"533",-87.6297982,41.8781136
"534",NA,NA
"535",-81.3392352,28.5999998
"536",-117.1610838,32.715738
"537",18.49041,-22.95764
"538",-0.804306,52.6789429
"539",-15.4362574,28.1235459
"540",-96.7969879,32.7766642
"541",-90.0489801,35.1495343
"542",-1.1581086,52.9547832
"543",-122.4194155,37.7749295
"544",-122.2913078,37.8271784
"545",-122.5504041,47.2356536
"546",-84.3879824,33.7489954
"547",-93.0648461,44.9773319
"548",-74.0059728,40.7127753
"549",-93.2259349,44.0855572
"550",NA,NA
"551",-96.7969879,32.7766642
"552",-98.4170523,29.5170728
"553",NA,NA
"554",NA,NA
"555",-81.5157535,27.6648274
"556",NA,NA
"557",-97.7280066,30.2395789
"558",-97.7430608,30.267153
"559",-77.0334179,38.9059849
"560",-77.0368707,38.9071923
"561",NA,NA
"562",-72.3320051,41.5756728
"563",-122.3320708,47.6062095
"564",-97.723919,30.257146
"565",NA,NA
"566",19.145136,51.919438
"567",NA,NA
"568",NA,NA
"569",NA,NA
"570",NA,NA
"571",-2.9915726,53.4083714
"572",-122.3320708,47.6062095
"573",-80.965652,32.032139
"574",-0.9781303,51.4542645
"575",-81.5706109,30.7478954
"576",NA,NA
"577",-84.9877094,32.4609764
"578",NA,NA
"579",NA,NA
"580",-118.2436849,34.0522342
"581",NA,NA
"582",NA,NA
"583",-74.0059728,40.7127753
"584",-3.74922,40.463667
"585",-6.2603097,53.3498053
"586",-95.9035425,36.0764449
"587",-82.907123,40.4172871
"588",-102.552784,23.634501
"589",-98.4936282,29.4241219
"590",NA,NA
"591",NA,NA
"592",-5.6611195,43.5322015
"593",NA,NA
"594",21.005859,44.016521
"595",NA,NA
"596",-51.92528,-14.235004
"597",-117.8265049,33.6845673
"598",-1.1743197,52.3555177
"599",-118.2436849,34.0522342
"600",-113.9648746,35.2665479
"601",NA,NA
"602",-122.3320708,47.6062095
"603",-5.6611195,43.5322015
"604",-98.4170523,29.5170728
"605",NA,NA
"606",-90.3237263,38.6425518
"607",-87.6297982,41.8781136
"608",-74.0059728,40.7127753
"609",-119.4179324,36.778261
"610",NA,NA
"611",-4.2026458,56.4906712
"612",-119.4179324,36.778261
"613",-95.992775,36.1539816
"614",-86.7816016,36.1626638
"615",NA,NA
"616",NA,NA
"617",-70.6692655,-33.4488897
"618",-73.087749,41.6032207
"619",-2.2426305,53.4807593
"620",NA,NA
"621",-78.771424,38.964102
"622",NA,NA
"623",-119.4179324,36.778261
"624",-85.7371847,38.2775702
"625",48.0102793,29.2963552
"626",-98.4936282,29.4241219
"627",NA,NA
"628",-2.42142,53.444266
"629",-115.1219028,36.1611747
"630",-95.7336054,40.4741686
"631",NA,NA
"632",-122.6764815,45.5230622
"633",-77.2318533,38.9171387
"634",-84.2700179,37.8393332
"635",-123.3283925,42.4390069
"636",NA,NA
"637",-106.6700458,52.1332144
"638",-86.0341463,34.6723069
"639",-0.283414,51.94921
"640",-119.4179324,36.778261
"641",-87.6297982,41.8781136
"642",NA,NA
"643",-95.3698028,29.7604267
"644",-73.9888854,40.7526431
"645",-74.0059728,40.7127753
"646",-97.9908366,26.1595194
"647",87.3277286,25.8475217
"648",-87.6297982,41.8781136
"649",-80.2561981,39.2864787
"650",-104.8213634,38.8338816
"651",NA,NA
"652",-71.0588801,42.3600825
"653",-47.4525944,-23.5015338
"654",NA,NA
"655",-38.5267393,-3.7319029
"656",-77.0469214,38.8048355
"657",-85.6023643,44.3148443
"658",-74.0059728,40.7127753
"659",-98.3420118,40.9263957
"660",-86.7816016,36.1626638
"661",-2.2426305,53.4807593
"662",-1.1743197,52.3555177
"663",-78.7811169,35.79154
"664",-95.61667,36.308649
"665",-2.2426305,53.4807593
"666",NA,NA
"667",18.49041,-22.95764
"668",-115.1398296,36.1699412
"669",NA,NA
"670",-90.0489801,35.1495343
"671",NA,NA
"672",-72.0995209,41.3556539
"673",14.2681244,40.8517746
"674",NA,NA
"675",-87.9301134,42.9308255
"676",-87.6297982,41.8781136
"677",NA,NA
"678",-70.6672621,41.9584457
"679",47.481766,29.31166
"680",-80.3086619,25.9087056
"681",-74.0059728,40.7127753
"682",NA,NA
"683",NA,NA
"684",NA,NA
"685",NA,NA
"686",-93.2425458,44.9715597
"687",-82.1306747,33.5337464
"688",NA,NA
"689",-90.1994042,38.6270025
"690",NA,NA
"691",NA,NA
"692",NA,NA
"693",22.2901645,52.1676031
"694",NA,NA
"695",-4.251806,55.864237
"696",NA,NA
"697",NA,NA
"698",NA,NA
"699",NA,NA
"700",-86.1349019,40.2671941
"701",-99.9018131,31.9685988
"702",NA,NA
"703",NA,NA
"704",NA,NA
"705",-73.9929175,40.7410469
"706",-121.6555013,36.6777372
"707",-122.4786854,48.7519112
"708",-120.7401385,47.7510741
"709",-3.435973,55.378051
"710",NA,NA
"711",NA,NA
"712",NA,NA
"713",-105.7820674,39.5500507
"714",NA,NA
"715",-81.8690904,28.7390864
"716",-104.990251,39.7392358
"717",NA,NA
"718",-118.2436849,34.0522342
"719",-122.3320708,47.6062095
"720",-99.9018131,31.9685988
"721",-75.1652215,39.9525839
"722",-119.9771868,38.939926
"723",-116.419389,34.9592083
"724",NA,NA
"725",-85.1804577,44.5555378
"726",-0.7594171,52.0406224
"727",NA,NA
"728",-79.3831843,43.653226
"729",NA,NA
"730",-76.6121893,39.2903848
"731",NA,NA
"732",-96.7907181,32.8066812
"733",-97.7430608,30.267153
"734",-55.765835,-32.522779
"735",-122.6764815,45.5230622
"736",-83.2154896,42.5455575
"737",-76.1690134,36.8153922
"738",-87.9064736,43.0389025
"739",-95.6019662,41.8543292
"740",-97.7430608,30.267153
"741",NA,NA
"742",NA,NA
"743",NA,NA
"744",NA,NA
"745",NA,NA
"746",-117.4260465,47.6587802
"747",151.2092955,-33.8688197
"748",-122.6764815,45.5230622
"749",NA,NA
"750",-89.8295315,34.9617604
"751",NA,NA
"752",NA,NA
"753",NA,NA
"754",-77.0368707,38.9071923
"755",NA,NA
"756",-86.80249,33.5206608
"757",NA,NA
"758",-118.2436849,34.0522342
"759",-71.0588801,42.3600825
"760",-118.2436849,34.0522342
"761",75.8119984,26.9132099
"762",NA,NA
"763",NA,NA
"764",-112.3496021,33.4355977
"765",NA,NA
"766",-80.085059,42.1292241
"767",NA,NA
"768",-96.6851982,40.8257625
"769",47.481766,29.31166
"770",48.062605,29.2565637
"771",-87.6297982,41.8781136
"772",NA,NA
"773",-95.962422,36.039666
"774",NA,NA
"775",-117.1610838,32.715738
"776",-99.9018131,31.9685988
"777",-117.4225481,47.658693
"778",-99.9018131,31.9685988
"779",NA,NA
"780",-87.9108295,43.0379848
"781",-71.0588801,42.3600825
"782",NA,NA
"783",NA,NA
"784",-79.9958864,40.4406248
"785",NA,NA
"786",NA,NA
"787",NA,NA
"788",NA,NA
"789",-0.1277583,51.5073509
"790",NA,NA
"791",-71.1077655,42.367746
"792",18.49041,-22.95764
"793",-99.9018131,31.9685988
"794",NA,NA
"795",-102.552784,23.634501
"796",-123.3656444,48.4284207
"797",-76.6412712,39.0457549
"798",NA,NA
"799",-102.552784,23.634501
"800",-95.712891,37.09024
"801",-83.0457538,42.331427
"802",-118.2436849,34.0522342
"803",NA,NA
"804",-87.6297982,41.8781136
"805",-73.7781391,40.6413111
"806",-87.6297982,41.8781136
"807",NA,NA
"808",NA,NA
"809",NA,NA
"810",-74.0059728,40.7127753
"811",NA,NA
"812",-74.0059728,40.7127753
"813",-76.6412712,39.0457549
"814",-76.6412712,39.0457549
"815",-71.1205809,42.3965242
"816",-122.5904159,47.4213664
"817",NA,NA
"818",-118.5713823,34.456151
"819",NA,NA
"820",-88.2774813,42.0978361
"821",-118.2436849,34.0522342
"822",-2.2426305,53.4807593
"823",25.6011977,45.6579755
"824",-71.3128285,41.4901024
"825",-75.5560376,40.0323293
"826",-87.6297982,41.8781136
"827",NA,NA
"828",-95.712891,37.09024
"829",-122.3320708,47.6062095
"830",NA,NA
"831",2.3522219,48.856614
"832",8.541694,47.3768866
"833",18.49041,-22.95764
"834",-117.1610838,32.715738
"835",72.8411419,19.099958
"836",-74.0059728,40.7127753
"837",-97.680328,30.4898809
"838",-90.0715323,29.9510658
"839",NA,NA
"840",-78.8657912,43.8970929
"841",NA,NA
"842",NA,NA
"843",18.49041,-22.95764
"844",-118.3812562,34.187044
"845",NA,NA
"846",NA,NA
"847",-111.0937311,34.0489281
"848",-121.9552356,37.3541079
"849",-81.3792365,28.5383355
"850",-119.8609718,34.4133292
"851",-85.207229,12.865416
"852",NA,NA
"853",21.745275,41.608635
"854",-87.6297982,41.8781136
"855",-82.907123,40.4172871
"856",-79.5394625,43.8430176
"857",NA,NA
"858",-0.081157,51.795756
"859",-79.0192997,35.7595731
"860",NA,NA
"861",48.0654706,29.2284396
"862",-117.9047845,34.0127894
"863",-98.4170523,29.5170728
"864",-79.3831843,43.653226
"865",-123.1207375,49.2827291
"866",-158.0152807,21.4513314
"867",NA,NA
"868",NA,NA
"869",-89.3985283,40.6331249
"870",NA,NA
"871",NA,NA
"872",47.481766,29.31166
"873",NA,NA
"874",-88.2433829,40.1164204
"875",-95.712891,37.09024
"876",-90.230759,15.783471
"877",NA,NA
"878",-87.6297982,41.8781136
"879",-151.0583332,60.4877778
"880",-81.3578859,41.1536674
"881",-95.712891,37.09024
"882",-95.712891,37.09024
"883",-51.92528,-14.235004
"884",NA,NA
"885",-74.4056612,40.0583238
"886",-71.4774291,41.5800945
"887",NA,NA
"888",-74.6672226,40.3572976
"889",-118.2436849,34.0522342
"890",-81.22692,28.6521741
"891",-118.3965756,33.9444316
"892",-121.7732971,38.6785157
"893",-98.4936282,29.4241219
"894",NA,NA
"895",NA,NA
"896",NA,NA
"897",-81.8811571,36.1843249
"898",NA,NA
"899",-79.3831843,43.653226
"900",NA,NA
"901",-102.552784,23.634501
"902",-95.712891,37.09024
"903",-82.907123,40.4172871
"904",-97.4394777,35.2225668
"905",NA,NA
"906",10.451526,51.165691
"907",NA,NA
"908",48.0025455,29.3302172
"909",-97.3208492,32.5420821
"910",-78.6568942,37.4315734
"911",121.774017,12.879721
"912",NA,NA
"913",NA,NA
"914",NA,NA
"915",-83.8139029,39.9365496
"916",NA,NA
"917",NA,NA
"918",-101.8551665,33.5778631
"919",31.4508149,30.1567838
"920",NA,NA
"921",NA,NA
"922",-98.4223772,34.609528
"923",NA,NA
"924",-119.4179324,36.778261
"925",NA,NA
"926",-80.0131374,33.1960027
"927",-74.0059728,40.7127753
"928",-120.4558567,46.60281
"929",-122.6764815,45.5230622
"930",-121.8863286,37.3382082
"931",-83.0363633,42.3149367
"932",NA,NA
"933",-74.072092,4.7109886
"934",NA,NA
"935",18.49041,-22.95764
"936",NA,NA
"937",NA,NA
"938",35.8418448,31.9000825
"939",NA,NA
"940",-87.5732413,33.2163171
"941",47.9688326,29.3675456
"942",NA,NA
"943",NA,NA
"944",-118.2436849,34.0522342
"945",-87.9403418,41.8994744
"946",-120.9968782,37.6390972
"947",46.6752957,24.7135517
"948",-85.323214,51.253775
"949",-89.3985283,40.6331249
"950",-113.4909267,53.544389
"951",-71.0588801,42.3600825
"952",-74.009213,40.7119193
"953",-86.7816016,36.1626638
"954",NA,NA
"955",-122.3320708,47.6062095
"956",-78.6568942,37.4315734
"957",NA,NA
"958",-74.3969089,40.8151
"959",21.824312,39.074208
"960",-0.8149798,51.5101009
"961",-122.1560768,37.7249296
"962",-122.3320708,47.6062095
"963",NA,NA
"964",NA,NA
"965",-87.6297982,41.8781136
"966",18.49041,-22.95764
"967",NA,NA
"968",-79.3831843,43.653226
"969",-95.712891,37.09024
"970",43.9627492,26.0833976
"971",NA,NA
"972",-0.7219,51.522414
"973",NA,NA
"974",NA,NA
"975",-96.6821644,33.0560716
"976",NA,NA
"977",NA,NA
"978",NA,NA
"979",-81.5157535,27.6648274
"980",NA,NA
"981",NA,NA
"982",-74.0048398,40.7251137
"983",23.7275388,37.9838096
"984",-118.2436849,34.0522342
"985",NA,NA
"986",NA,NA
"987",-0.1277583,51.5073509
"988",-119.4179324,36.778261
"989",NA,NA
"990",-63.616672,-38.416097
"991",-118.2436849,34.0522342
"992",NA,NA
"993",NA,NA
"994",NA,NA
"995",-86.158068,39.768403
"996",-0.4650592,52.131876
"997",-120.5058987,46.6020711
"998",-79.0414261,33.5510021
"999",-119.4179324,36.778261
"1000",-121.7405167,38.5449065
"1001",-122.3320708,47.6062095
"1002",-79.7919754,36.0726354
"1003",78.96288,20.593684
"1004",NA,NA
"1005",-120.7401385,47.7510741
"1006",-78.6381787,35.7795897
"1007",NA,NA
"1008",-118.542586,34.3916641
"1009",48.0510871,29.2979895
"1010",-77.0368707,38.9071923
"1011",-120.7401385,47.7510741
"1012",-81.3069931,28.5474696
"1013",NA,NA
"1014",NA,NA
"1015",NA,NA
"1016",NA,NA
"1017",-90.1994042,38.6270025
"1018",-95.712891,37.09024
"1019",NA,NA
"1020",18.49041,-22.95764
"1021",-77.0368707,38.9071923
"1022",NA,NA
"1023",-85.6023643,44.3148443
"1024",NA,NA
"1025",NA,NA
"1026",-75.1195107,39.8227054
"1027",NA,NA
"1028",-85.157248,41.119855
"1029",-114.0168895,51.1250608
"1030",NA,NA
"1031",151.2092955,-33.8688197
"1032",NA,NA
"1033",12.56738,41.87194
"1034",-96.6397822,33.1972465
"1035",-88.0118473,41.7435073
"1036",-79.3831843,43.653226
"1037",NA,NA
"1038",NA,NA
"1039",-122.2913078,37.8271784
"1040",NA,NA
"1041",9.537499,33.886917
"1042",-121.4252227,37.7396513
"1043",-119.4179324,36.778261
"1044",-118.2436849,34.0522342
"1045",-84.1916069,39.7589478
"1046",-68.3110283,44.8624718
"1047",-86.7816016,36.1626638
"1048",NA,NA
"1049",-104.990251,39.7392358
"1050",-79.1999949,44.0383744
"1051",NA,NA
"1052",-79.7839262,35.4398606
"1053",-71.3824374,42.4072107
"1054",-89.2249134,37.7090577
"1055",-86.158068,39.768403
"1056",-74.0059728,40.7127753
"1057",-149.9002778,61.2180556
"1058",-118.451357,34.1489719
"1059",-119.4179324,36.778261
"1060",-81.5157535,27.6648274
"1061",-95.712891,37.09024
"1062",-112.2989898,40.5321284
"1063",-122.3320708,47.6062095
"1064",-118.2436849,34.0522342
"1065",-74.0068339,40.7314316
"1066",48.0605108,29.21224
"1067",-119.4179324,36.778261
"1068",18.643501,60.128161
"1069",-105.7820674,39.5500507
"1070",NA,NA
"1071",-81.1637245,33.836081
"1072",-109.7245785,40.9879345
"1073",-105.0009318,39.6388409
"1074",-79.9142319,40.4299515
"1075",NA,NA
"1076",-89.3985283,40.6331249
"1077",-3.983908,55.698739
"1078",-122.3320708,47.6062095
"1079",NA,NA
"1080",-83.3763218,42.4644795
"1081",-122.7010984,38.3396367
"1082",-106.6055534,35.0853336
"1083",NA,NA
"1084",13.6883765,11.5218308
"1085",-78.183406,-1.831239
"1086",55.2707828,25.2048493
"1087",-84.3879824,33.7489954
"1088",NA,NA
"1089",47.9960743,29.2780625
"1090",NA,NA
"1091",NA,NA
"1092",-0.39032,51.656489
"1093",NA,NA
"1094",-86.0479151,35.4698278
"1095",NA,NA
"1096",46.6752957,24.7135517
"1097",-127.6476205,53.7266683
"1098",-77.0368707,38.9071923
"1099",NA,NA
"1100",NA,NA
"1101",NA,NA
"1102",NA,NA
"1103",-47.2147082,-22.8533412
"1104",-74.4056612,40.0583238
"1105",-118.873716,34.27797
"1106",-97.3241433,27.7127448
"1107",-96.7969879,32.7766642
"1108",-74.0059728,40.7127753
"1109",-112.0740373,33.4483771
"1110",-81.5157535,27.6648274
"1111",110.402376,-7.7325213
"1112",-106.346771,56.130366
"1113",-76.6121893,39.2903848
"1114",-122.2711137,37.8043637
"1115",NA,NA
"1116",NA,NA
"1117",-118.3468303,34.1553065
"1118",NA,NA
"1119",-89.4012302,43.0730517
"1120",-111.0937311,39.3209801
"1121",-122.3320708,47.6062095
"1122",-80.1917902,25.7616798
"1123",106.6296638,10.8230989
"1124",NA,NA
"1125",-3.188267,55.953252
"1126",-121.4943996,38.5815719
"1127",-0.863615,41.6445987
"1128",-94.6858998,46.729553
"1129",-81.7728543,28.5494447
"1130",-74.0059728,40.7127753
"1131",-88.9770889,40.1410352
"1132",-84.3879824,33.7489954
"1133",-76.3036051,36.860402
"1134",-85.6023643,44.3148443
"1135",-2.0362763,52.0140683
"1136",-95.712891,37.09024
"1137",-83.357567,33.9519347
"1138",-82.907123,40.4172871
"1139",-96.7969879,32.7766642
"1140",-119.6981901,34.4208305
"1141",2.170169,41.3776096
"1142",NA,NA
"1143",-89.3985283,40.6331249
"1144",-1.6777926,48.117266
"1145",-87.6800486,41.6572562
"1146",NA,NA
"1147",-82.5514869,35.5950581
"1148",-49.518067,-26.2499033
"1149",-96.7969879,32.7766642
"1150",NA,NA
"1151",NA,NA
"1152",-119.4179324,36.778261
"1153",47.481766,29.31166
"1154",NA,NA
"1155",-96.7969879,32.7766642
"1156",NA,NA
"1157",NA,NA
"1158",-0.1277583,51.5073509
"1159",139.6380256,35.4437078
"1160",NA,NA
"1161",18.49041,-22.95764
"1162",-75.015152,-9.189967
"1163",NA,NA
"1164",NA,NA
"1165",-35.7089492,-9.6498487
"1166",-86.158068,39.768403
"1167",NA,NA
"1168",-122.3320708,47.6062095
"1169",NA,NA
"1170",-96.7969879,32.7766642
"1171",-117.1610838,32.715738
"1172",-74.1502007,40.5795317
"1173",-81.3792365,28.5383355
"1174",NA,NA
"1175",NA,NA
"1176",NA,NA
"1177",26.1025384,44.4267674
"1178",NA,NA
"1179",NA,NA
"1180",NA,NA
"1181",NA,NA
"1182",47.481766,29.31166
"1183",13.404954,52.5200066
"1184",39.2375507,21.2854067
"1185",-81.5157535,27.6648274
"1186",NA,NA
"1187",-120.7401385,47.7510741
"1188",-71.0588801,42.3600825
"1189",-81.655651,30.3321838
"1190",NA,NA
"1191",-81.5386842,28.3936186
"1192",NA,NA
"1193",NA,NA
"1194",-90.5787476,41.5094771
"1195",-95.3698028,29.7604267
"1196",-71.0588801,42.3600825
"1197",-95.5194059,29.7366242
"1198",-80.1917902,25.7616798
"1199",NA,NA
"1200",-117.8265049,33.6845673
"1201",-122.0575434,37.387474
"1202",-0.1277583,51.5073509
"1203",NA,NA
"1204",-80.4549026,38.5976262
"1205",NA,NA
"1206",NA,NA
"1207",-64.1887761,-31.4200833
"1208",NA,NA
"1209",NA,NA
"1210",-85.7584557,38.2526647
"1211",-115.1398296,36.1699412
"1212",-82.7982634,43.130026
"1213",-86.7816016,36.1626638
"1214",-0.1277583,51.5073509
"1215",55.2369909,25.147178
"1216",-118.4911912,34.0194543
"1217",-118.2436849,34.0522342
"1218",NA,NA
"1219",-97.7430608,30.267153
"1220",-96.6988856,33.0198431
"1221",NA,NA
"1222",-81.3465982,28.687536
"1223",-119.4179324,36.778261
"1224",NA,NA
"1225",51.5319291,25.331458
"1226",NA,NA
"1227",-90.0715323,29.9510658
"1228",6.129583,49.815273
"1229",-95.712891,37.09024
"1230",-119.4179324,36.778261
"1231",100.992541,15.870032
"1232",-116.3915131,43.6121087
"1233",-74.4056612,40.0583238
"1234",35.9324027,31.942388
"1235",NA,NA
"1236",-121.611005,36.7001616
"1237",-88.0895061,41.6475306
"1238",NA,NA
"1239",-84.3879824,33.7489954
"1240",NA,NA
"1241",-86.7816016,36.1626638
"1242",-94.6858998,46.729553
"1243",-112.1273305,36.0582567
"1244",NA,NA
"1245",-86.7816016,36.1626638
"1246",33.0226174,34.7071301
"1247",31.0218404,-29.8586804
"1248",-87.6297982,41.8781136
"1249",-74.0059728,40.7127753
"1250",-95.712891,37.09024
"1251",NA,NA
"1252",-95.712891,37.09024
"1253",NA,NA
"1254",-1.1743197,52.3555177
"1255",NA,NA
"1256",-74.4056612,40.0583238
"1257",48.0729113,29.2146014
"1258",-122.3320708,47.6062095
"1259",-119.4179324,36.778261
"1260",-82.7073573,34.8834489
"1261",-84.5200332,32.3236754
"1262",18.49041,-22.95764
"1263",-85.6023643,44.3148443
"1264",-120.9006613,37.6484078
"1265",NA,NA
"1266",-80.8459127,35.2396686
"1267",-73.98572,40.739496
"1268",NA,NA
"1269",121.0244452,14.554729
"1270",2.3522219,48.856614
"1271",NA,NA
"1272",-96.7969879,32.7766642
"1273",NA,NA
"1274",-6.2603097,53.3498053
"1275",NA,NA
"1276",-106.346771,56.130366
"1277",-99.9018131,31.9685988
"1278",NA,NA
"1279",NA,NA
"1280",-87.9020186,42.3702996
"1281",NA,NA
"1282",-86.158068,39.768403
"1283",NA,NA
"1284",19.145136,51.919438
"1285",NA,NA
"1286",-96.5685071,33.2822723
"1287",47.9774052,29.375859
"1288",-111.8910474,40.7607793
"1289",103.846656,46.862496
"1290",-97.4780954,35.6528323
"1291",-3.435973,55.378051
"1292",NA,NA
"1293",45.079162,23.885942
"1294",47.481766,29.31166
"1295",-71.0095602,42.3656132
"1296",-95.3545399,29.7577058
"1297",NA,NA
"1298",-96.80111,33.2362278
"1299",NA,NA
"1300",-122.2676923,47.2140369
"1301",-119.4179324,36.778261
"1302",-116.419389,34.9592083
"1303",-122.2711137,37.8043637
"1304",-118.2436849,34.0522342
"1305",-122.9888319,38.5779555
"1306",-118.2436849,34.0522342
"1307",10.451526,51.165691
"1308",NA,NA
"1309",-104.990251,39.7392358
"1310",NA,NA
"1311",-74.0059728,40.7127753
"1312",101.975766,4.210484
"1313",-122.3320708,47.6062095
"1314",NA,NA
"1315",-123.8264512,46.5180824
"1316",-119.4179324,36.778261
"1317",-97.1705678,32.8234621
"1318",-117.8695744,33.7467409
"1319",NA,NA
"1320",-74.0059728,40.7127753
"1321",NA,NA
"1322",NA,NA
"1323",NA,NA
"1324",-115.1398296,36.1699412
"1325",18.49041,-22.95764
"1326",NA,NA
"1327",-71.0588801,42.3600825
"1328",-0.1277583,51.5073509
"1329",-0.372882,50.81787
"1330",116.0734568,5.980408
"1331",-96.6988856,33.0198431
"1332",-74.4957076,39.4284503
"1333",-74.0059728,40.7127753
"1334",-77.0287949,38.8983313
"1335",-80.9530353,46.522099
"1336",-96.6988856,33.0198431
"1337",NA,NA
"1338",NA,NA
"1339",-117.9608978,34.0852868
"1340",-84.3879824,33.7489954
"1341",-90.230759,15.783471
"1342",-87.6297982,41.8781136
"1343",47.7588245,29.3481663
"1344",-81.7948103,26.1420358
"1345",-122.2913078,37.8271784
"1346",-118.781482,34.2694474
"1347",-118.2436849,34.0522342
"1348",-121.805789,38.0049214
"1349",NA,NA
"1350",-96.7969879,32.7766642
"1351",-95.712891,37.09024
"1352",NA,NA
"1353",72.8776559,19.0759837
"1354",-81.3792365,28.5383355
"1355",NA,NA
"1356",-77.0372351,38.9065291
"1357",-86.7816016,36.1626638
"1358",NA,NA
"1359",-87.6297982,41.8781136
"1360",-71.0588801,42.3600825
"1361",-118.3964665,34.0211224
"1362",-74.0059728,40.7127753
"1363",-80.2192225,35.4431965
"1364",-117.9544069,33.7090212
"1365",NA,NA
"1366",NA,NA
"1367",-84.2700179,37.8393332
"1368",NA,NA
"1369",NA,NA
"1370",-86.8598479,37.945776
"1371",-2.5211152,53.0678756
"1372",-87.6297982,41.8781136
"1373",-77.0368707,38.9071923
"1374",NA,NA
"1375",77.1024902,28.7040592
"1376",-118.2436849,34.0522342
"1377",NA,NA
"1378",-120.7401385,47.7510741
"1379",-118.2548126,34.0431514
"1380",NA,NA
"1381",47.9774052,29.375859
"1382",-122.4194155,37.7749295
"1383",-122.2913078,37.8271784
"1384",-86.7816016,36.1626638
"1385",-96.6988856,33.0198431
"1386",-95.0254839,29.5641184
"1387",18.49041,-22.95764
"1388",101.686855,3.139003
"1389",-87.6297982,41.8781136
"1390",46.6752957,24.7135517
"1391",-92.4453161,42.5348993
"1392",-90.1994042,38.6270025
"1393",-118.3964665,34.0211224
"1394",-79.0192997,35.7595731
"1395",-87.6297982,41.8781136
"1396",-87.6297982,41.8781136
"1397",-95.712891,37.09024
"1398",-99.9018131,31.9685988
"1399",-70.8226541,43.9653889
"1400",46.6752957,24.7135517
"1401",48.1026841,29.1687526
"1402",-118.2436849,34.0522342
"1403",-101.8551665,33.5778631
"1404",5.4697225,51.441642
"1405",-81.5157535,27.6648274
"1406",NA,NA
"1407",NA,NA
"1408",-118.2436849,34.0522342
"1409",-111.9765182,33.3065945
"1410",-73.8648268,40.8447819
"1411",-0.1277583,51.5073509
"1412",130.9237367,33.3128996
"1413",-87.6230967,41.8190937
"1414",-123.107579,49.282546
"1415",-105.8172316,39.9449868
"1416",-96.6988856,33.0198431
"1417",-73.790959,42.2528649
"1418",NA,NA
"1419",-85.323214,51.253775
"1420",47.481766,29.31166
"1421",NA,NA
"1422",NA,NA
"1423",-104.990251,39.7392358
"1424",-120.7401385,47.7510741
"1425",-79.9358202,37.294888
"1426",-2.7553268,52.7073029
"1427",-81.1637245,33.836081
"1428",-81.9506735,29.6372606
"1429",-95.712891,37.09024
"1430",-71.8022934,42.2625932
"1431",-99.9018131,31.9685988
"1432",-115.1398296,36.1699412
"1433",-93.2394493,44.9393945
"1434",-83.1186321,42.4314599
"1435",-80.8600736,35.4868032
"1436",47.481766,29.31166
"1437",NA,NA
"1438",-95.3698028,29.7604267
"1439",47.481766,29.31166
"1440",-118.1937395,33.7700504
"1441",NA,NA
"1442",-71.3824374,42.4072107
"1443",-118.2436849,34.0522342
"1444",NA,NA
"1445",NA,NA
"1446",-0.1277583,51.5073509
"1447",-122.0146841,37.0510595
"1448",-99.9018131,31.9685988
"1449",NA,NA
"1450",NA,NA
"1451",NA,NA
"1452",-116.5452921,33.8302961
"1453",-103.3496092,20.6596988
"1454",NA,NA
"1455",-0.1277583,51.5073509
"1456",-71.3161718,42.6334247
"1457",-114.0708459,51.0486151
"1458",-1.470085,53.381129
"1459",28.9783589,41.0082376
"1460",39.2375507,21.2854067
"1461",-77.0368707,38.9071923
"1462",-114.9817213,36.0395247
"1463",-74.5004796,40.6342489
"1464",-90.1994042,38.6270025
"1465",-123.1207375,49.2827291
"1466",47.481766,29.31166
"1467",114.109497,22.396428
"1468",47.481766,29.31166
"1469",NA,NA
"1470",-122.4194155,37.7749295
"1471",NA,NA
"1472",-87.893057,43.390376
"1473",-122.5504041,47.2356536
"1474",-74.5402506,40.2677539
"1475",-88.7878678,43.7844397
"1476",-1.0280609,52.091477
"1477",-82.445154,38.4192496
"1478",NA,NA
"1479",-97.1080656,32.735687
"1480",-120.1451812,39.1677134
"1481",-98.4170523,29.5170728
"1482",-51.92528,-14.235004
"1483",-75.6958018,45.4278551
"1484",12.4963655,41.9027835
"1485",NA,NA
"1486",-69.7392715,44.4468933
"1487",-96.6988856,33.0198431
"1488",-95.3698028,29.7604267
"1489",NA,NA
"1490",NA,NA
"1491",-121.2907796,37.9577016
"1492",-79.0192997,35.7595731
"1493",NA,NA
"1494",138.252924,36.204824
"1495",-74.0059728,40.7127753
"1496",-73.8648268,40.8447819
"1497",NA,NA
"1498",-95.712891,37.09024
"1499",NA,NA
"1500",NA,NA
"1501",-118.3286614,34.0928092
"1502",-120.1799758,41.5296887
"1503",NA,NA
"1504",NA,NA
"1505",-3.435973,55.378051
"1506",-95.8389677,36.155213
"1507",-77.0368707,38.9071923
"1508",-77.0368707,38.9071923
"1509",-82.9000751,32.1656221
"1510",-81.6943605,41.49932
"1511",-101.8312969,35.2219971
"1512",47.9638849,29.3251956
"1513",NA,NA
"1514",-77.3570028,38.9586307
"1515",NA,NA
"1516",-83.555212,41.6639383
"1517",32.720961,39.9662885
"1518",NA,NA
"1519",-118.1137535,34.0165053
"1520",-77.0368707,38.9071923
"1521",-75.1652215,39.9525839
"1522",-118.2436849,34.0522342
"1523",-76.6412712,39.0457549
"1524",NA,NA
"1525",-87.6297982,41.8781136
"1526",35.243322,38.963745
"1527",-74.0059728,40.7127753
"1528",-95.3698028,29.7604267
"1529",-76.4627383,39.0209445
"1530",-0.1277583,51.5073509
"1531",-87.6297982,41.8781136
"1532",-116.419389,38.8026097
"1533",-87.6583642,41.9435601
"1534",-85.7584557,38.2526647
"1535",19.145136,51.919438
"1536",-93.2650108,44.977753
"1537",NA,NA
"1538",-122.4194155,37.7749295
"1539",-81.3792365,28.5383355
"1540",49.998236,26.5764917
"1541",-73.9441579,40.6781784
"1542",NA,NA
"1543",NA,NA
"1544",NA,NA
"1545",NA,NA
"1546",-73.8183804,42.844668
"1547",-85.4836557,43.6980782
"1548",-91.1403196,30.4582829
"1549",47.9045093,29.2404657
"1550",-58.443832,-23.442503
"1551",NA,NA
"1552",-122.3126222,47.3223221
"1553",NA,NA
"1554",-122.4194155,37.7749295
"1555",-116.5765035,53.9332706
"1556",-2.9915726,53.4083714
"1557",-94.6858998,46.729553
"1558",NA,NA
"1559",-122.6764815,45.5230622
"1560",10.5265058,56.3163678
"1561",-93.7624442,41.4833235
"1562",-118.2436849,34.0522342
"1563",-122.9006951,47.0378741
"1564",NA,NA
"1565",-121.822098,36.6149217
"1566",-106.346771,56.130366
"1567",18.49041,-22.95764
"1568",-123.6161053,42.2793208
"1569",-122.4194155,37.7749295
"1570",-71.0588801,42.3600825
"1571",100.546488,13.7854165
"1572",-97.4254815,35.6718291
"1573",NA,NA
"1574",NA,NA
"1575",47.481766,29.31166
"1576",NA,NA
"1577",6.5665017,53.2193835
"1578",NA,NA
"1579",-80.1247667,26.2378597
"1580",-93.1257723,44.7394103
"1581",-113.4909267,53.544389
"1582",72.8776559,19.0759837
"1583",NA,NA
"1584",-84.2700179,37.8393332
"1585",-118.2436849,34.0522342
"1586",-82.395465,39.8452309
"1587",-97.3813511,31.3611019
"1588",-79.3831843,43.653226
"1589",-118.3960113,33.8648138
"1590",-95.712891,37.09024
"1591",NA,NA
"1592",-0.1277583,51.5073509
"1593",-87.6297982,41.8781136
"1594",113.921327,-0.789275
"1595",-85.6602058,30.1588129
"1596",-3.435973,55.378051
"1597",-98.4936282,29.4241219
"1598",-73.097568,40.7898451
"1599",-122.4194155,37.7749295
"1600",NA,NA
"1601",-95.0761636,41.3175381
"1602",NA,NA
"1603",-46.5648481,-23.6898429
"1604",NA,NA
"1605",-111.8910474,40.7607793
"1606",NA,NA
"1607",NA,NA
"1608",-3.435973,55.378051
"1609",NA,NA
"1610",NA,NA
"1611",-1.1743197,52.3555177
"1612",-122.0637425,48.015098
"1613",NA,NA
"1614",-92.1004852,46.7866719
"1615",-118.2436849,34.0522342
"1616",72.8776559,19.0759837
"1617",-122.2653887,38.5024689
"1618",NA,NA
"1619",NA,NA
"1620",-46.6333094,-23.5505199
"1621",NA,NA
"1622",-118.4164652,33.9191799
"1623",-96.7969879,32.7766642
"1624",NA,NA
"1625",NA,NA
"1626",NA,NA
"1627",-119.2290316,34.274646
"1628",-111.8484745,40.3879028
"1629",-120.7401385,47.7510741
"1630",NA,NA
"1631",NA,NA
"1632",-122.327594,47.544111
"1633",-119.4179324,36.778261
"1634",-74.4056612,40.0583238
"1635",NA,NA
"1636",NA,NA
"1637",NA,NA
"1638",-74.0451405,40.8412111
"1639",-118.2436849,34.0522342
"1640",NA,NA
"1641",NA,NA
"1642",NA,NA
"1643",-118.2436849,34.0522342
"1644",NA,NA
"1645",-95.3698028,29.7604267
"1646",-122.0575434,37.387474
"1647",-74.7909125,40.2599864
"1648",NA,NA
"1649",-122.272747,37.8715926
"1650",-96.6988856,33.0198431
"1651",NA,NA
"1652",-74.4056612,40.0583238
"1653",-118.3617443,34.0900091
"1654",-95.712891,37.09024
"1655",NA,NA
"1656",NA,NA
"1657",NA,NA
"1658",NA,NA
"1659",-122.3126222,47.3223221
"1660",NA,NA
"1661",123.883446,10.3244277
"1662",NA,NA
"1663",-96.6988856,33.0198431
"1664",-86.80249,33.5206608
"1665",NA,NA
"1666",139.7112844,35.6986926
"1667",47.481766,29.31166
"1668",NA,NA
"1669",NA,NA
"1670",NA,NA
"1671",23.3218675,42.6977082
"1672",NA,NA
"1673",-87.6961374,39.611146
"1674",18.49041,-22.95764
"1675",NA,NA
"1676",-74.0059728,40.7127753
"1677",NA,NA
"1678",NA,NA
"1679",-79.9958864,40.4406248
"1680",-97.330053,37.6871761
"1681",NA,NA
"1682",-120.8958242,38.8375215
"1683",-98.4170523,29.5170728
"1684",-90.1994042,38.6270025
"1685",-98.4170523,29.5170728
"1686",-74.0059728,40.7127753
"1687",-58.3815591,-34.6036844
"1688",-87.6297982,41.8781136
"1689",-87.6297982,41.8781136
"1690",NA,NA
"1691",-118.2436849,34.0522342
"1692",NA,NA
"1693",-84.3879824,33.7489954
"1694",46.6752957,24.7135517
"1695",-95.712891,37.09024
"1696",-112.0740373,33.4483771
"1697",NA,NA
"1698",-122.3320708,47.6062095
"1699",NA,NA
"1700",-95.712891,37.09024
"1701",NA,NA
"1702",-113.4909267,53.544389
"1703",-117.1623501,32.7670907
"1704",-80.1300455,25.790654
"1705",-74.0059728,40.7127753
"1706",-87.6937729,41.8981459
"1707",NA,NA
"1708",-95.712891,37.09024
"1709",-73.7948516,40.7282239
"1710",NA,NA
"1711",-74.0059728,40.7127753
"1712",-120.7401385,47.7510741
"1713",-97.396381,27.8005828
"1714",NA,NA
"1715",NA,NA
"1716",-74.4056612,40.0583238
"1717",-81.655651,30.3321838
"1718",30.8958242,-28.5305539
"1719",NA,NA
"1720",-77.042754,-12.0463731
"1721",-73.9884614,40.7568984
"1722",24.603189,56.879635
"1723",-81.398669,30.276552
"1724",-80.8428504,35.410694
"1725",-83.9207392,35.9606384
"1726",-115.1398296,36.1699412
"1727",-0.1277583,51.5073509
"1728",NA,NA
"1729",-82.9290696,40.1261743
"1730",-74.4056612,40.0583238
"1731",-79.5115433,36.0982762
"1732",-86.158068,39.768403
"1733",NA,NA
"1734",-75.163389,39.9629406
"1735",-77.8600012,40.7933949
"1736",NA,NA
"1737",NA,NA
"1738",-74.0059728,40.7127753
"1739",NA,NA
"1740",NA,NA
"1741",NA,NA
"1742",NA,NA
"1743",NA,NA
"1744",NA,NA
"1745",-106.9378207,39.2130418
"1746",NA,NA
"1747",NA,NA
"1748",27.142826,38.423734
"1749",-116.419389,34.9592083
"1750",NA,NA
"1751",NA,NA
"1752",-94.5785667,39.0997265
"1753",-95.712891,37.09024
"1754",NA,NA
"1755",-8.224454,39.399872
"1756",-74.0059728,40.7127753
"1757",NA,NA
"1758",-79.6876659,43.467517
"1759",NA,NA
"1760",NA,NA
"1761",-122.293165,47.845864
"1762",-119.9172672,46.6792986
"1763",-119.4179324,36.778261
"1764",-71.2923877,42.296797
"1765",-87.9301134,42.9308255
